<?xml version="1.0" encoding="UTF-8"?>
<configuration>
	<property name="LOG_HOME" value="E:/${project.artifactId}" />
	<property name="PROJECT" value="${project.artifactId}" />
	<property name="PRODUCT" value="PP" />
	<property name="MODULE" value="DOCKING" />
	
	<appender name="FILE"
		class="ch.qos.logback.core.rolling.RollingFileAppender">

		<append>true</append>
		<rollingPolicy class="ch.qos.logback.core.rolling.TimeBasedRollingPolicy">
			<FileNamePattern>${LOG_HOME}/${PROJECT}-%d{"yyyy-MM-dd"}.log
			</FileNamePattern>
			<MaxHistory>72</MaxHistory>
		</rollingPolicy>
		<encoder>
			<pattern>%d{"yyyy/MM/dd HH:mm:ss,SSS"}[${PRODUCT}|${MODULE}|${HOSTNAME}|%X{process}|%X{uuid}][%p]%c{0}-%m%n
			</pattern>
		</encoder>
	</appender>

	<appender name="ERROR-FILE" class="ch.qos.logback.core.rolling.RollingFileAppender">

		<append>true</append>

		<rollingPolicy class="ch.qos.logback.core.rolling.TimeBasedRollingPolicy">
			<fileNamePattern>${LOG_HOME}/${PROJECT}-error-%d{yyyy-MM-dd}.log</fileNamePattern>
			<MaxHistory>72</MaxHistory>
		</rollingPolicy>

		<filter class="ch.qos.logback.classic.filter.LevelFilter">
			<level>error</level>
			<onMatch>ACCEPT</onMatch>
			<onMismatch>DENY</onMismatch>
		</filter>

		<encoder>
			<pattern>%d{"yyyy/MM/dd HH:mm:ss,SSS"}[${PRODUCT}|${MODULE}|${HOSTNAME}|%X{process}|%X{uuid}][%p]%c{0}-%m%n
			</pattern>
		</encoder>
	</appender>


	<appender name="STDOUT" class="ch.qos.logback.core.ConsoleAppender">
		<encoder>
			<pattern>%d{"yyyy/MM/dd HH:mm:ss,SSS"}[${PRODUCT}|${MODULE}|${HOSTNAME}|%X{process}|%X{uuid}][%p]%c{0}-%m%n
			</pattern>
		</encoder>
	</appender>

	<logger name="com" level="DEBUG" />
	<logger name="org" level="DEBUG" />
	<logger name="com.yufusoft" level="DEBUG" />
	<logger name="org.mybatis" level="DEBUG" />
	<root>
		<level value="ALL" />
		<appender-ref ref="FILE" />
		<appender-ref ref="ERROR-FILE" />
		<appender-ref ref="STDOUT" />
	</root>

</configuration>